text,label
The app is absolutely amazing and easy to use,positive
"Terrible experience, it crashed five times today",negative
"The interface looks okay, nothing special",neutral
"Very slow loading times, extremely frustrating",negative
Customer support was incredibly helpful and fast,positive
Too expensive for what it offers,negative
I love the new dark mode feature,positive
The app keeps freezing on my phone,negative
"Decent product, does what it says",neutral
Best purchase I've made this year,positive
"Bugs everywhere, completely unusable",negative
The onboarding process is smooth and intuitive,positive
Pricing is way too high for basic features,negative
"Works fine, nothing extraordinary",neutral
Absolutely love the AI-powered suggestions,positive
App crashes every time I open the settings,negative
Great user interface and modern design,positive
The billing system charged me twice,negative
"It's an average tool, gets the job done",neutral
Fantastic performance on all my devices,positive
"The update broke everything, total disaster",negative
Navigation is confusing and hard to find things,negative
Really impressed with the speed improvements,positive
"Not worth the money, too many limitations",negative
Clean design and easy navigation,positive
Error messages are not helpful at all,negative
The product meets my basic needs,neutral
Outstanding quality and attention to detail,positive
Lag spikes make it completely unusable during peak hours,negative
"Pretty standard software, nothing to complain about",neutral
The AI features are game-changing for my workflow,positive
Customer service never responds to my tickets,negative
"Simple and effective, I like it",positive
The mobile app is painfully slow,negative
Good value for the premium tier,positive
Integration with other tools is broken,negative
The dashboard is well organized,positive
Constant crashes on the latest Android version,negative
It works but could be better,neutral
The search functionality is incredibly fast,positive
Overpriced compared to competitors,negative
I enjoy using this product daily,positive
The export feature has multiple bugs,negative
"Neither good nor bad, just functional",neutral
Excellent documentation and tutorials,positive
The app drains my battery extremely fast,negative
Smooth experience from start to finish,positive
Too many ads in the free version,negative
The reporting features are very useful,positive
Login keeps failing with authentication errors,negative
"It does what I need, nothing more",neutral
"Revolutionary product, changed how I work",positive
The UI feels outdated and clunky,negative
Responsive design works great on all screens,positive
Performance degrades significantly with large datasets,negative
Fair pricing for the features offered,neutral
The collaboration features are incredible,positive
My data was lost after the latest update,negative
Pretty good app overall,neutral
The notification system is very helpful,positive
Subscription model is terrible and confusing,negative
The charts and analytics are beautiful,positive
Cannot connect to the server half the time,negative
"Standard tool, does the basics well",neutral
The real-time sync feature is flawless,positive
The app is way too expensive for students,negative
Overall a solid and reliable product,positive
The color scheme hurts my eyes,negative
Nice features but nothing groundbreaking,neutral
Amazingly fast and responsive interface,positive
Crashes whenever I upload large files,negative
Decent performance on most tasks,neutral
The machine learning features are top notch,positive
Billing errors keep happening every month,negative
"It's okay, I've seen better alternatives",neutral
Super easy setup and configuration,positive
The help section is completely useless,negative
"Meets expectations, no complaints",neutral
The dark theme is elegant and professional,positive
Extremely laggy on older devices,negative
A reliable tool for everyday use,positive
The pricing tiers are confusing and misleading,negative
Gets the job done without any fuss,neutral
I recommend this to everyone on my team,positive
So many bugs after the last update,negative
The API documentation is comprehensive and clear,positive
Loading screens take forever,negative
Average product with average features,neutral
The speed optimization is remarkable,positive
Error 500 appears randomly throughout the day,negative
I have no strong feelings about this product,neutral
Perfect for small businesses and startups,positive
The worst customer support I've ever experienced,negative
Functional but uninspiring design,neutral
Incredible value for the price point,positive
Memory leaks cause the app to slow down over time,negative
The product is fine for casual use,neutral
Beautifully crafted user experience,positive
The desktop version keeps crashing on Windows,negative
Moderately useful for my workflow,neutral
The team collaboration features are unmatched,positive
Way too many permission requests on mobile,negative
The product is stable and dependable,positive
Cost keeps increasing without new features,negative
The export to PDF feature works perfectly,positive
Navigation menu is broken on mobile browsers,negative
Just an ordinary software tool,neutral
The AI chatbot integration is brilliant,positive
Performance issues make it frustrating to use,negative
Satisfactory experience overall,neutral
Lightning fast response times across all platforms,positive
The free tier is basically useless,negative
"Delivery was super fast, got my package in 2 days",positive
The product quality is nothing like the pictures shown,negative
"Decent shopping experience, items arrived on time",neutral
Refund process took 3 weeks and multiple follow-ups,negative
Love the variety of products available on the platform,positive
Packaging was damaged and the item inside was broken,negative
Easy checkout process with multiple payment options,positive
"The size chart is completely inaccurate, had to return twice",negative
"Good deals during the festive sale, saved a lot",positive
"Fake reviews everywhere, can't trust product ratings",negative
The wish list feature is very convenient,neutral
Ordered a blue shirt but received a green one instead,negative
The return pickup was seamless and hassle-free,positive
"Prices keep changing every hour, feels manipulative",negative
Product recommendations are surprisingly accurate,positive
The app notifications are way too aggressive and spammy,negative
"Tracking system works perfectly, real-time updates",positive
Seller did not respond to any of my queries for a week,negative
Great cashback offers on credit card payments,positive
Product was listed as in stock but got cancelled after ordering,negative
The filter and sort options make browsing really easy,positive
Received a used item that was sold as brand new,negative
Customer care resolved my issue in under 5 minutes,positive
The delivery partner was rude and unprofessional,negative
Subscription plan gives genuinely good discounts,positive
Hidden charges added at checkout that were not shown initially,negative
Overall a reliable platform for everyday shopping,neutral
Gift wrapping option is a nice touch for special occasions,positive
The search results show irrelevant products most of the time,negative
"Standard online shopping experience, nothing exceptional",neutral
The pasta was cooked perfectly and the sauce was incredible,positive
Waited 45 minutes for our food and it came out cold,negative
Friendly staff but the menu options are very limited,neutral
Best pizza I have ever had in this city,positive
Found a hair in my soup and the manager didn't even apologize,negative
The ambiance is cozy and perfect for a date night,positive
Portions are tiny for the price they charge,negative
Loved the dessert menu especially the tiramisu,positive
The waiter got our order wrong twice and seemed annoyed,negative
Fresh ingredients and you can really taste the quality,positive
Parking is a nightmare around this place,negative
The weekend brunch buffet is an absolute steal,positive
"Music was way too loud, couldn't even have a conversation",negative
Their butter chicken is the best I have tasted,positive
The bathroom was dirty and had no soap,negative
"Quick delivery even during peak dinner hours, impressed",positive
The app crashes every time I try to apply a promo code,negative
Rating system helps me pick the best restaurants,positive
Estimated delivery time said 30 mins but took over an hour,negative
Contactless delivery option feels safe and convenient,positive
Ads pop up every 30 seconds making it unusable,negative
Smooth scrolling and fast load times on my old phone,positive
The checkout process has too many unnecessary steps,negative
Customer support through the app chat is surprisingly quick,positive
Keeps asking me to rate the app every time I open it,negative
The instructor explains complex topics in a very simple way,positive
Video quality is terrible and audio keeps cutting out,negative
The quizzes after each module really help with retention,positive
Course content is outdated and uses deprecated libraries,negative
Peer discussion forums are active and very helpful,positive
Paid full price but half the content is locked behind another paywall,negative
The project based learning approach is exactly what I needed,positive
No subtitles available for non English speakers,negative
Great value for money compared to similar courses online,positive
The mobile app version is missing most of the interactive exercises,negative
Lifetime access to updated content is a huge plus,positive
The pace is too fast for beginners despite being labeled beginner friendly,negative
The new update made the app so much faster and smoother,positive
Battery drain is insane after the latest update,negative
Face ID login works flawlessly every single time,positive
The app takes up 2GB of storage which is ridiculous,negative
Push notifications are actually useful and not spammy,positive
Cannot upload photos larger than 5MB what year is this,negative
The search feature finally works properly thank you,positive
I love the new widget feature on the home screen,positive
Why did they remove the dark mode toggle from settings,negative
Keeps crashing whenever I try to open my profile page,negative
The API rate limits are way too restrictive for our use case,negative
Onboarding wizard walked us through everything perfectly,positive
SSO integration with Okta was seamless and quick to set up,positive
Dashboard keeps timing out when loading reports with large date ranges,negative
The Slack integration sends real-time alerts which is super useful,positive
We lost 2 hours of work because autosave silently failed,negative
Role-based access control is well implemented and granular,positive
The pricing jumped 40% with no new features added,negative
Webhooks documentation is clear with working code examples,positive
Cannot bulk export more than 500 records at a time,negative
The uptime has been 99.9% for the past six months,positive
Two-factor authentication setup is unnecessarily complicated,negative
Custom report builder is powerful and highly flexible,positive
The mobile app lacks half the features of the web version,negative
White-labeling option is great for our agency clients,positive
Data migration from our old tool was a nightmare,negative
The kanban board view is clean and intuitive,positive
Audit logs are incomplete and missing critical user actions,negative
Workflow automation saves us at least 10 hours per week,positive
Their changelog never explains breaking changes properly,negative
Multi-tenant architecture handles our 50 teams efficiently,positive
The WYSIWYG editor corrupts formatting when pasting from Word,negative
Real-time collaboration on documents works flawlessly,positive
Support tickets take 3 to 5 business days for a first response,negative
The analytics module gives actionable insights out of the box,positive
Sandbox environment for testing is a nice enterprise feature,positive
No dark mode in 2026 is honestly embarrassing for a tech company,negative
Handles concurrent users well without performance degradation,neutral
The product does what we need but innovation seems stagnant,neutral
Compliance certifications gave us confidence to adopt it,positive
"Absolutely phenomenal product, exceeded all my expectations",positive
Migrated from a competitor and the difference is night and day,positive
Setup took under 10 minutes and everything just works,positive
Best investment our company has made this quarter,positive
"The UI redesign is gorgeous, feels like a premium product",positive
Their customer success team goes above and beyond every time,positive
Finally a product that delivers exactly what it promises,positive
The AI suggestions have genuinely improved our workflow by 30 percent,positive
Keyboard shortcuts make power users extremely productive,positive
The community forum is active and incredibly helpful,positive
Updates are frequent and always bring meaningful improvements,positive
Integration ecosystem is rich with over 200 connectors,positive
Enterprise security features give us peace of mind,positive
Switched our entire 200 person team and everyone loves it,positive
The product roadmap transparency is refreshing and builds trust,positive
This product is a complete waste of money,negative
Worst purchase decision I have ever made in my life,negative
The software deleted all my files without any warning,negative
Technical support is absolutely useless and rude,negative
Been waiting for a fix for 6 months now still broken,negative
Constant downtime makes this tool unreliable for production use,negative
They shipped me a completely different product than what I ordered,negative
The update made everything worse how is that even possible,negative
Security breach exposed my personal data and they didn't even notify me,negative
Charged me for a premium plan I never signed up for,negative
The app uses way too much RAM and slows down my entire computer,negative
Features keep getting removed with every update,negative
Documentation is outdated and full of broken links,negative
Cancellation process is intentionally made difficult,negative
The mobile app is a joke compared to competitors,negative
My account got locked for no reason and support ghosted me,negative
The food arrived cold and soggy after 90 minutes of waiting,negative
The restaurant selection in my area is excellent,positive
Driver could not find my apartment and called me 4 times,negative
Love the live tracking feature showing exactly where my food is,positive
They forgot half my order and the support just gave a coupon,negative
Quick service even during peak lunch hours,positive
Minimum order amount keeps increasing every month,negative
The allergy filter is a lifesaver for someone with nut allergies,positive
Charged a service fee plus delivery fee plus packaging fee ridiculous,negative
Easy to reorder my favorite meals with one tap,positive
The delivery person tampered with seal which is concerning,negative
Group ordering feature is perfect for office lunch,positive
Surge pricing during rain makes it completely unaffordable,negative
The meal prep and calorie info feature is very thoughtful,positive
Order was cancelled by the restaurant after 40 minutes of waiting,negative
Late night delivery options are a huge plus,positive
Customer support is just a bot that gives generic responses,negative
"Decent service overall, food usually arrives warm",neutral
Nothing special but gets the job done when too lazy to cook,neutral
Scheduled ordering for the next day is really convenient,positive
Portion sizes from most restaurants have gotten noticeably smaller,negative
"Reliable for everyday meals, no major complaints",neutral
"I just use it occasionally, works fine for what it is",neutral
The platform is neither impressive nor terrible,neutral
A basic tool that fulfills minimum requirements,neutral
Acceptable quality but could improve in several areas,neutral
"Not the best, not the worst, somewhere in between",neutral
Does the bare minimum and nothing beyond that,neutral
"An okay experience, I would neither praise nor criticize",neutral
"Mediocre at best, there are many better options available",neutral
"It is what it is, a functional but unremarkable product",neutral
"Have been using it for months, no strong feelings either way",neutral
The new features are nice but there are still many things to fix,neutral
Some things work well and some things need improvement,neutral
The product has potential but needs more polish before I can love it,neutral
It handles most things adequately without excelling at anything,neutral
A middle of the road solution that gets things done eventually,neutral
I would rate this experience as perfectly average,neutral
Best pizza I have ever had in this city hands down,positive
Music was way too loud couldn't even have a conversation,negative
Their butter chicken is the best I have tasted outside India,positive
Got my certification within two weeks of completing the course,negative
No real world examples just theory after theory,positive
Completed the course and landed a job within a month,negative
the app is terrible and crashes frequently,negative
the app is amazing and easy to use,positive
the app is just okay,neutral
the app is good,negative
the app is bad,negative
the app is not good,negative
the app is not bad,negative
the app is very good,negative
the app is very bad,negative
the app is best,negative
the app is worst,negative
good product,positive
bad product,negative
okay product,neutral
great app,positive
terrible app,negative
decent app,neutral
love it,positive
hate it,negative
its fine,neutral
excellent,positive
horrible,negative
average,neutral
amazing,positive
awful,negative
mediocre,neutral
fantastic,positive
disgusting,negative
meh,neutral
superb,positive
dreadful,negative
so so,neutral
brilliant,positive
atrocious,negative
passable,neutral
outstanding,positive
pathetic,negative
unremarkable,neutral
perfect,positive
useless,negative
fair enough,neutral
wonderful,positive
rubbish,negative
acceptable,neutral
best ever,positive
worst ever,negative
not bad not good,neutral
very good,positive
very bad,negative
just okay,neutral
really good,positive
really bad,negative
nothing special,neutral
highly recommend,positive
do not recommend,negative
its alright,neutral
well done,positive
poorly done,negative
could be better,neutral
impressed,positive
disappointed,negative
indifferent,neutral
satisfied,positive
dissatisfied,negative
no opinion,neutral
top notch,positive
bottom tier,negative
middle of road,neutral
five stars,positive
one star,negative
three stars,neutral
must have,positive
waste of money,negative
take it or leave it,neutral
not good,negative
not bad,positive
not great but okay,neutral
not happy,negative
not disappointed,positive
would not buy again,negative
would buy again,positive
good quality,positive
bad quality,negative
standard quality,neutral
worth every penny,positive
total ripoff,negative
fair price,neutral
love this app,positive
hate this app,negative
app is okay,neutral
works great,positive
does not work,negative
works sometimes,neutral
smooth experience,positive
terrible experience,negative
normal experience,neutral
happy with it,positive
unhappy with it,negative
no complaints,neutral
best purchase,positive
worst purchase,negative
average purchase,neutral
it is good,positive
this is good,positive
pretty good,positive
so good,positive
that is good,positive
quite good,positive
app is good,positive
product is good,positive
not bad at all,positive
not bad really,positive
its not bad,positive
it is not bad,positive
not too bad,positive
it is bad,negative
this is bad,negative
pretty bad,negative
not good at all,negative
not good really,negative
its not good,negative
